<?xml version="1.0" encoding="utf-8"?>
<DataSchemaModel FileFormatVersion="1.2" SchemaVersion="2.9" DspName="Microsoft.Data.Tools.Schema.Sql.Sql150DatabaseSchemaProvider" CollationLcid="3082" CollationCaseSensitive="False" xmlns="http://schemas.microsoft.com/sqlserver/dac/Serialization/2012/02">
	<Model>
		<Element Type="SqlDatabaseOptions" Disambiguator="1">
			<Property Name="Collation" Value="Modern_Spanish_CI_AS" />
			<Property Name="IsAnsiPaddingOn" Value="False" />
			<Property Name="IsQuotedIdentifierOn" Value="False" />
			<Property Name="IsCursorDefaultScopeGlobal" Value="True" />
			<Property Name="IsTornPageProtectionOn" Value="False" />
			<Property Name="IsFullTextEnabled" Value="True" />
			<Property Name="ServiceBrokerOption" Value="1" />
			<Property Name="TargetRecoveryTimePeriod" Value="60" />
			<Property Name="QueryStoreCaptureMode" Value="2" />
			<Property Name="QueryStoreMaxStorageSize" Value="1000" />
			<Relationship Name="DefaultFilegroup">
				<Entry>
					<References ExternalSource="BuiltIns" Name="[PRIMARY]" />
				</Entry>
			</Relationship>
		</Element>
		<Element Type="SqlPrimaryKeyConstraint">
			<Relationship Name="ColumnSpecifications">
				<Entry>
					<Element Type="SqlIndexedColumnSpecification">
						<Relationship Name="Column">
							<Entry>
								<References Name="[dbo].[Carreras].[id_carrera]" />
							</Entry>
						</Relationship>
					</Element>
				</Entry>
			</Relationship>
			<Relationship Name="DefiningTable">
				<Entry>
					<References Name="[dbo].[Carreras]" />
				</Entry>
			</Relationship>
			<Annotation Type="SqlInlineConstraintAnnotation" Name="[dbo].[PK__Carreras__82525F262A5AE48D]" Disambiguator="5" />
		</Element>
		<Element Type="SqlPrimaryKeyConstraint">
			<Relationship Name="ColumnSpecifications">
				<Entry>
					<Element Type="SqlIndexedColumnSpecification">
						<Relationship Name="Column">
							<Entry>
								<References Name="[dbo].[Semestres].[id_semestre]" />
							</Entry>
						</Relationship>
					</Element>
				</Entry>
			</Relationship>
			<Relationship Name="DefiningTable">
				<Entry>
					<References Name="[dbo].[Semestres]" />
				</Entry>
			</Relationship>
			<Annotation Type="SqlInlineConstraintAnnotation" Name="[dbo].[PK__Semestre__B9A534AFB6366B34]" Disambiguator="6" />
		</Element>
		<Element Type="SqlPrimaryKeyConstraint">
			<Relationship Name="ColumnSpecifications">
				<Entry>
					<Element Type="SqlIndexedColumnSpecification">
						<Relationship Name="Column">
							<Entry>
								<References Name="[dbo].[Álbumes].[id_album]" />
							</Entry>
						</Relationship>
					</Element>
				</Entry>
			</Relationship>
			<Relationship Name="DefiningTable">
				<Entry>
					<References Name="[dbo].[Álbumes]" />
				</Entry>
			</Relationship>
			<Annotation Type="SqlInlineConstraintAnnotation" Name="[dbo].[PK__Álbumes__7414CFD679656D2E]" Disambiguator="7" />
		</Element>
		<Element Type="SqlPrimaryKeyConstraint">
			<Relationship Name="ColumnSpecifications">
				<Entry>
					<Element Type="SqlIndexedColumnSpecification">
						<Relationship Name="Column">
							<Entry>
								<References Name="[dbo].[Votos].[id_voto]" />
							</Entry>
						</Relationship>
					</Element>
				</Entry>
			</Relationship>
			<Relationship Name="DefiningTable">
				<Entry>
					<References Name="[dbo].[Votos]" />
				</Entry>
			</Relationship>
			<Annotation Type="SqlInlineConstraintAnnotation" Name="[dbo].[PK__Votos__5F39601A620033FB]" Disambiguator="8" />
		</Element>
		<Element Type="SqlTable" Name="[dbo].[Álbumes]">
			<Property Name="IsAnsiNullsOn" Value="True" />
			<Relationship Name="Columns">
				<Entry>
					<Element Type="SqlSimpleColumn" Name="[dbo].[Álbumes].[id_album]">
						<Property Name="IsNullable" Value="False" />
						<Property Name="IsIdentity" Value="True" />
						<Relationship Name="TypeSpecifier">
							<Entry>
								<Element Type="SqlTypeSpecifier">
									<Relationship Name="Type">
										<Entry>
											<References ExternalSource="BuiltIns" Name="[int]" />
										</Entry>
									</Relationship>
								</Element>
							</Entry>
						</Relationship>
					</Element>
				</Entry>
				<Entry>
					<Element Type="SqlSimpleColumn" Name="[dbo].[Álbumes].[id_candidata]">
						<Property Name="IsNullable" Value="False" />
						<Relationship Name="TypeSpecifier">
							<Entry>
								<Element Type="SqlTypeSpecifier">
									<Relationship Name="Type">
										<Entry>
											<References ExternalSource="BuiltIns" Name="[int]" />
										</Entry>
									</Relationship>
								</Element>
							</Entry>
						</Relationship>
					</Element>
				</Entry>
				<Entry>
					<Element Type="SqlSimpleColumn" Name="[dbo].[Álbumes].[titulo]">
						<Property Name="IsNullable" Value="False" />
						<Relationship Name="TypeSpecifier">
							<Entry>
								<Element Type="SqlTypeSpecifier">
									<Property Name="Length" Value="50" />
									<Relationship Name="Type">
										<Entry>
											<References ExternalSource="BuiltIns" Name="[varchar]" />
										</Entry>
									</Relationship>
								</Element>
							</Entry>
						</Relationship>
					</Element>
				</Entry>
			</Relationship>
			<Relationship Name="Schema">
				<Entry>
					<References ExternalSource="BuiltIns" Name="[dbo]" />
				</Entry>
			</Relationship>
			<AttachedAnnotation Disambiguator="7" />
		</Element>
		<Element Type="SqlTable" Name="[dbo].[Candidatas]">
			<Property Name="IsAnsiNullsOn" Value="True" />
			<Relationship Name="Columns">
				<Entry>
					<Element Type="SqlSimpleColumn" Name="[dbo].[Candidatas].[id_candidata]">
						<Property Name="IsNullable" Value="False" />
						<Property Name="IsIdentity" Value="True" />
						<Relationship Name="TypeSpecifier">
							<Entry>
								<Element Type="SqlTypeSpecifier">
									<Relationship Name="Type">
										<Entry>
											<References ExternalSource="BuiltIns" Name="[int]" />
										</Entry>
									</Relationship>
								</Element>
							</Entry>
						</Relationship>
						<Annotation Type="OnlinePropertyAnnotation" Name="[LastValue]">
							<Property Name="Value" Value="3" />
						</Annotation>
					</Element>
				</Entry>
				<Entry>
					<Element Type="SqlSimpleColumn" Name="[dbo].[Candidatas].[id_carrera]">
						<Property Name="IsNullable" Value="False" />
						<Relationship Name="TypeSpecifier">
							<Entry>
								<Element Type="SqlTypeSpecifier">
									<Relationship Name="Type">
										<Entry>
											<References ExternalSource="BuiltIns" Name="[int]" />
										</Entry>
									</Relationship>
								</Element>
							</Entry>
						</Relationship>
					</Element>
				</Entry>
				<Entry>
					<Element Type="SqlSimpleColumn" Name="[dbo].[Candidatas].[id_semestre]">
						<Property Name="IsNullable" Value="False" />
						<Relationship Name="TypeSpecifier">
							<Entry>
								<Element Type="SqlTypeSpecifier">
									<Relationship Name="Type">
										<Entry>
											<References ExternalSource="BuiltIns" Name="[int]" />
										</Entry>
									</Relationship>
								</Element>
							</Entry>
						</Relationship>
					</Element>
				</Entry>
				<Entry>
					<Element Type="SqlSimpleColumn" Name="[dbo].[Candidatas].[cedula]">
						<Property Name="IsNullable" Value="False" />
						<Relationship Name="TypeSpecifier">
							<Entry>
								<Element Type="SqlTypeSpecifier">
									<Property Name="Length" Value="10" />
									<Relationship Name="Type">
										<Entry>
											<References ExternalSource="BuiltIns" Name="[varchar]" />
										</Entry>
									</Relationship>
								</Element>
							</Entry>
						</Relationship>
					</Element>
				</Entry>
				<Entry>
					<Element Type="SqlSimpleColumn" Name="[dbo].[Candidatas].[nombre]">
						<Property Name="IsNullable" Value="False" />
						<Relationship Name="TypeSpecifier">
							<Entry>
								<Element Type="SqlTypeSpecifier">
									<Property Name="Length" Value="50" />
									<Relationship Name="Type">
										<Entry>
											<References ExternalSource="BuiltIns" Name="[varchar]" />
										</Entry>
									</Relationship>
								</Element>
							</Entry>
						</Relationship>
					</Element>
				</Entry>
				<Entry>
					<Element Type="SqlSimpleColumn" Name="[dbo].[Candidatas].[apellido]">
						<Property Name="IsNullable" Value="False" />
						<Relationship Name="TypeSpecifier">
							<Entry>
								<Element Type="SqlTypeSpecifier">
									<Property Name="Length" Value="50" />
									<Relationship Name="Type">
										<Entry>
											<References ExternalSource="BuiltIns" Name="[varchar]" />
										</Entry>
									</Relationship>
								</Element>
							</Entry>
						</Relationship>
					</Element>
				</Entry>
				<Entry>
					<Element Type="SqlSimpleColumn" Name="[dbo].[Candidatas].[foto]">
						<Relationship Name="TypeSpecifier">
							<Entry>
								<Element Type="SqlTypeSpecifier">
									<Property Name="IsMax" Value="True" />
									<Relationship Name="Type">
										<Entry>
											<References ExternalSource="BuiltIns" Name="[varchar]" />
										</Entry>
									</Relationship>
								</Element>
							</Entry>
						</Relationship>
					</Element>
				</Entry>
				<Entry>
					<Element Type="SqlSimpleColumn" Name="[dbo].[Candidatas].[fecha_nacimiento]">
						<Relationship Name="TypeSpecifier">
							<Entry>
								<Element Type="SqlTypeSpecifier">
									<Relationship Name="Type">
										<Entry>
											<References ExternalSource="BuiltIns" Name="[date]" />
										</Entry>
									</Relationship>
								</Element>
							</Entry>
						</Relationship>
					</Element>
				</Entry>
				<Entry>
					<Element Type="SqlSimpleColumn" Name="[dbo].[Candidatas].[edad]">
						<Relationship Name="TypeSpecifier">
							<Entry>
								<Element Type="SqlTypeSpecifier">
									<Relationship Name="Type">
										<Entry>
											<References ExternalSource="BuiltIns" Name="[int]" />
										</Entry>
									</Relationship>
								</Element>
							</Entry>
						</Relationship>
					</Element>
				</Entry>
				<Entry>
					<Element Type="SqlSimpleColumn" Name="[dbo].[Candidatas].[aspiraciones]">
						<Relationship Name="TypeSpecifier">
							<Entry>
								<Element Type="SqlTypeSpecifier">
									<Property Name="Length" Value="255" />
									<Relationship Name="Type">
										<Entry>
											<References ExternalSource="BuiltIns" Name="[varchar]" />
										</Entry>
									</Relationship>
								</Element>
							</Entry>
						</Relationship>
					</Element>
				</Entry>
				<Entry>
					<Element Type="SqlSimpleColumn" Name="[dbo].[Candidatas].[intereses]">
						<Relationship Name="TypeSpecifier">
							<Entry>
								<Element Type="SqlTypeSpecifier">
									<Property Name="Length" Value="255" />
									<Relationship Name="Type">
										<Entry>
											<References ExternalSource="BuiltIns" Name="[varchar]" />
										</Entry>
									</Relationship>
								</Element>
							</Entry>
						</Relationship>
					</Element>
				</Entry>
				<Entry>
					<Element Type="SqlSimpleColumn" Name="[dbo].[Candidatas].[habilidades]">
						<Relationship Name="TypeSpecifier">
							<Entry>
								<Element Type="SqlTypeSpecifier">
									<Property Name="Length" Value="255" />
									<Relationship Name="Type">
										<Entry>
											<References ExternalSource="BuiltIns" Name="[varchar]" />
										</Entry>
									</Relationship>
								</Element>
							</Entry>
						</Relationship>
					</Element>
				</Entry>
			</Relationship>
			<Relationship Name="Schema">
				<Entry>
					<References ExternalSource="BuiltIns" Name="[dbo]" />
				</Entry>
			</Relationship>
		</Element>
		<Element Type="SqlTable" Name="[dbo].[Carreras]">
			<Property Name="IsAnsiNullsOn" Value="True" />
			<Relationship Name="Columns">
				<Entry>
					<Element Type="SqlSimpleColumn" Name="[dbo].[Carreras].[id_carrera]">
						<Property Name="IsNullable" Value="False" />
						<Property Name="IsIdentity" Value="True" />
						<Relationship Name="TypeSpecifier">
							<Entry>
								<Element Type="SqlTypeSpecifier">
									<Relationship Name="Type">
										<Entry>
											<References ExternalSource="BuiltIns" Name="[int]" />
										</Entry>
									</Relationship>
								</Element>
							</Entry>
						</Relationship>
						<Annotation Type="OnlinePropertyAnnotation" Name="[LastValue]">
							<Property Name="Value" Value="3" />
						</Annotation>
					</Element>
				</Entry>
				<Entry>
					<Element Type="SqlSimpleColumn" Name="[dbo].[Carreras].[nombre_carrera]">
						<Property Name="IsNullable" Value="False" />
						<Relationship Name="TypeSpecifier">
							<Entry>
								<Element Type="SqlTypeSpecifier">
									<Property Name="Length" Value="50" />
									<Relationship Name="Type">
										<Entry>
											<References ExternalSource="BuiltIns" Name="[varchar]" />
										</Entry>
									</Relationship>
								</Element>
							</Entry>
						</Relationship>
					</Element>
				</Entry>
			</Relationship>
			<Relationship Name="Schema">
				<Entry>
					<References ExternalSource="BuiltIns" Name="[dbo]" />
				</Entry>
			</Relationship>
			<AttachedAnnotation Disambiguator="5" />
		</Element>
		<Element Type="SqlForeignKeyConstraint" Name="[dbo].[FK__Álbumes__id_cand__2B3F6F97]">
			<Relationship Name="Columns">
				<Entry>
					<References Name="[dbo].[Álbumes].[id_candidata]" />
				</Entry>
			</Relationship>
			<Relationship Name="DefiningTable">
				<Entry>
					<References Name="[dbo].[Álbumes]" />
				</Entry>
			</Relationship>
			<Relationship Name="ForeignColumns">
				<Entry>
					<References Name="[dbo].[Candidatas].[id_candidata]" />
				</Entry>
			</Relationship>
			<Relationship Name="ForeignTable">
				<Entry>
					<References Name="[dbo].[Candidatas]" />
				</Entry>
			</Relationship>
		</Element>
		<Element Type="SqlForeignKeyConstraint" Name="[dbo].[FK__Candidata__id_ca__35BCFE0A]">
			<Relationship Name="Columns">
				<Entry>
					<References Name="[dbo].[Candidatas].[id_carrera]" />
				</Entry>
			</Relationship>
			<Relationship Name="DefiningTable">
				<Entry>
					<References Name="[dbo].[Candidatas]" />
				</Entry>
			</Relationship>
			<Relationship Name="ForeignColumns">
				<Entry>
					<References Name="[dbo].[Carreras].[id_carrera]" />
				</Entry>
			</Relationship>
			<Relationship Name="ForeignTable">
				<Entry>
					<References Name="[dbo].[Carreras]" />
				</Entry>
			</Relationship>
		</Element>
		<Element Type="SqlForeignKeyConstraint" Name="[dbo].[FK__Candidata__id_ca__3F466844]">
			<Relationship Name="Columns">
				<Entry>
					<References Name="[dbo].[Candidatas].[id_carrera]" />
				</Entry>
			</Relationship>
			<Relationship Name="DefiningTable">
				<Entry>
					<References Name="[dbo].[Candidatas]" />
				</Entry>
			</Relationship>
			<Relationship Name="ForeignColumns">
				<Entry>
					<References Name="[dbo].[Carreras].[id_carrera]" />
				</Entry>
			</Relationship>
			<Relationship Name="ForeignTable">
				<Entry>
					<References Name="[dbo].[Carreras]" />
				</Entry>
			</Relationship>
		</Element>
		<Element Type="SqlForeignKeyConstraint" Name="[dbo].[FK__Candidata__id_se__36B12243]">
			<Relationship Name="Columns">
				<Entry>
					<References Name="[dbo].[Candidatas].[id_semestre]" />
				</Entry>
			</Relationship>
			<Relationship Name="DefiningTable">
				<Entry>
					<References Name="[dbo].[Candidatas]" />
				</Entry>
			</Relationship>
			<Relationship Name="ForeignColumns">
				<Entry>
					<References Name="[dbo].[Semestres].[id_semestre]" />
				</Entry>
			</Relationship>
			<Relationship Name="ForeignTable">
				<Entry>
					<References Name="[dbo].[Semestres]" />
				</Entry>
			</Relationship>
		</Element>
		<Element Type="SqlForeignKeyConstraint" Name="[dbo].[FK__Candidata__id_se__403A8C7D]">
			<Relationship Name="Columns">
				<Entry>
					<References Name="[dbo].[Candidatas].[id_semestre]" />
				</Entry>
			</Relationship>
			<Relationship Name="DefiningTable">
				<Entry>
					<References Name="[dbo].[Candidatas]" />
				</Entry>
			</Relationship>
			<Relationship Name="ForeignColumns">
				<Entry>
					<References Name="[dbo].[Semestres].[id_semestre]" />
				</Entry>
			</Relationship>
			<Relationship Name="ForeignTable">
				<Entry>
					<References Name="[dbo].[Semestres]" />
				</Entry>
			</Relationship>
		</Element>
		<Element Type="SqlForeignKeyConstraint" Name="[dbo].[FK__Fotos__id_album__2E1BDC42]">
			<Relationship Name="Columns">
				<Entry>
					<References Name="[dbo].[Fotos].[id_album]" />
				</Entry>
			</Relationship>
			<Relationship Name="DefiningTable">
				<Entry>
					<References Name="[dbo].[Fotos]" />
				</Entry>
			</Relationship>
			<Relationship Name="ForeignColumns">
				<Entry>
					<References Name="[dbo].[Álbumes].[id_album]" />
				</Entry>
			</Relationship>
			<Relationship Name="ForeignTable">
				<Entry>
					<References Name="[dbo].[Álbumes]" />
				</Entry>
			</Relationship>
		</Element>
		<Element Type="SqlForeignKeyConstraint" Name="[dbo].[FK__Votos__id_candid__31EC6D26]">
			<Relationship Name="Columns">
				<Entry>
					<References Name="[dbo].[Votos].[id_candidata]" />
				</Entry>
			</Relationship>
			<Relationship Name="DefiningTable">
				<Entry>
					<References Name="[dbo].[Votos]" />
				</Entry>
			</Relationship>
			<Relationship Name="ForeignColumns">
				<Entry>
					<References Name="[dbo].[Candidatas].[id_candidata]" />
				</Entry>
			</Relationship>
			<Relationship Name="ForeignTable">
				<Entry>
					<References Name="[dbo].[Candidatas]" />
				</Entry>
			</Relationship>
		</Element>
		<Element Type="SqlForeignKeyConstraint" Name="[dbo].[FK__Votos__id_estudi__30F848ED]">
			<Relationship Name="Columns">
				<Entry>
					<References Name="[dbo].[Votos].[id_estudiante]" />
				</Entry>
			</Relationship>
			<Relationship Name="DefiningTable">
				<Entry>
					<References Name="[dbo].[Votos]" />
				</Entry>
			</Relationship>
			<Relationship Name="ForeignColumns">
				<Entry>
					<References Name="[dbo].[Candidatas].[id_candidata]" />
				</Entry>
			</Relationship>
			<Relationship Name="ForeignTable">
				<Entry>
					<References Name="[dbo].[Candidatas]" />
				</Entry>
			</Relationship>
		</Element>
		<Element Type="SqlTable" Name="[dbo].[Fotos]">
			<Property Name="IsAnsiNullsOn" Value="True" />
			<Relationship Name="Columns">
				<Entry>
					<Element Type="SqlSimpleColumn" Name="[dbo].[Fotos].[id_foto]">
						<Property Name="IsNullable" Value="False" />
						<Property Name="IsIdentity" Value="True" />
						<Relationship Name="TypeSpecifier">
							<Entry>
								<Element Type="SqlTypeSpecifier">
									<Relationship Name="Type">
										<Entry>
											<References ExternalSource="BuiltIns" Name="[int]" />
										</Entry>
									</Relationship>
								</Element>
							</Entry>
						</Relationship>
						<Annotation Type="OnlinePropertyAnnotation" Name="[LastValue]">
							<Property Name="Value" Value="4" />
						</Annotation>
					</Element>
				</Entry>
				<Entry>
					<Element Type="SqlSimpleColumn" Name="[dbo].[Fotos].[id_album]">
						<Property Name="IsNullable" Value="False" />
						<Relationship Name="TypeSpecifier">
							<Entry>
								<Element Type="SqlTypeSpecifier">
									<Relationship Name="Type">
										<Entry>
											<References ExternalSource="BuiltIns" Name="[int]" />
										</Entry>
									</Relationship>
								</Element>
							</Entry>
						</Relationship>
					</Element>
				</Entry>
				<Entry>
					<Element Type="SqlSimpleColumn" Name="[dbo].[Fotos].[foto_Album]">
						<Property Name="IsNullable" Value="False" />
						<Relationship Name="TypeSpecifier">
							<Entry>
								<Element Type="SqlTypeSpecifier">
									<Property Name="IsMax" Value="True" />
									<Relationship Name="Type">
										<Entry>
											<References ExternalSource="BuiltIns" Name="[varchar]" />
										</Entry>
									</Relationship>
								</Element>
							</Entry>
						</Relationship>
					</Element>
				</Entry>
				<Entry>
					<Element Type="SqlSimpleColumn" Name="[dbo].[Fotos].[titulo_foto]">
						<Property Name="IsNullable" Value="False" />
						<Relationship Name="TypeSpecifier">
							<Entry>
								<Element Type="SqlTypeSpecifier">
									<Property Name="Length" Value="50" />
									<Relationship Name="Type">
										<Entry>
											<References ExternalSource="BuiltIns" Name="[varchar]" />
										</Entry>
									</Relationship>
								</Element>
							</Entry>
						</Relationship>
					</Element>
				</Entry>
				<Entry>
					<Element Type="SqlSimpleColumn" Name="[dbo].[Fotos].[descripcion]">
						<Relationship Name="TypeSpecifier">
							<Entry>
								<Element Type="SqlTypeSpecifier">
									<Property Name="Length" Value="255" />
									<Relationship Name="Type">
										<Entry>
											<References ExternalSource="BuiltIns" Name="[varchar]" />
										</Entry>
									</Relationship>
								</Element>
							</Entry>
						</Relationship>
					</Element>
				</Entry>
			</Relationship>
			<Relationship Name="Schema">
				<Entry>
					<References ExternalSource="BuiltIns" Name="[dbo]" />
				</Entry>
			</Relationship>
		</Element>
		<Element Type="SqlPrimaryKeyConstraint" Name="[dbo].[PK__Candidat__3CD1A87324DAA6F9]">
			<Relationship Name="ColumnSpecifications">
				<Entry>
					<Element Type="SqlIndexedColumnSpecification">
						<Relationship Name="Column">
							<Entry>
								<References Name="[dbo].[Candidatas].[id_candidata]" />
							</Entry>
						</Relationship>
					</Element>
				</Entry>
			</Relationship>
			<Relationship Name="DefiningTable">
				<Entry>
					<References Name="[dbo].[Candidatas]" />
				</Entry>
			</Relationship>
		</Element>
		<Element Type="SqlPrimaryKeyConstraint" Name="[dbo].[PK__Fotos__620EA3A5D8EFB3EF]">
			<Relationship Name="ColumnSpecifications">
				<Entry>
					<Element Type="SqlIndexedColumnSpecification">
						<Relationship Name="Column">
							<Entry>
								<References Name="[dbo].[Fotos].[id_foto]" />
							</Entry>
						</Relationship>
					</Element>
				</Entry>
			</Relationship>
			<Relationship Name="DefiningTable">
				<Entry>
					<References Name="[dbo].[Fotos]" />
				</Entry>
			</Relationship>
		</Element>
		<Element Type="SqlTable" Name="[dbo].[Semestres]">
			<Property Name="IsAnsiNullsOn" Value="True" />
			<Relationship Name="Columns">
				<Entry>
					<Element Type="SqlSimpleColumn" Name="[dbo].[Semestres].[id_semestre]">
						<Property Name="IsNullable" Value="False" />
						<Property Name="IsIdentity" Value="True" />
						<Relationship Name="TypeSpecifier">
							<Entry>
								<Element Type="SqlTypeSpecifier">
									<Relationship Name="Type">
										<Entry>
											<References ExternalSource="BuiltIns" Name="[int]" />
										</Entry>
									</Relationship>
								</Element>
							</Entry>
						</Relationship>
						<Annotation Type="OnlinePropertyAnnotation" Name="[LastValue]">
							<Property Name="Value" Value="1010" />
						</Annotation>
					</Element>
				</Entry>
				<Entry>
					<Element Type="SqlSimpleColumn" Name="[dbo].[Semestres].[numero_semestre]">
						<Property Name="IsNullable" Value="False" />
						<Relationship Name="TypeSpecifier">
							<Entry>
								<Element Type="SqlTypeSpecifier">
									<Relationship Name="Type">
										<Entry>
											<References ExternalSource="BuiltIns" Name="[int]" />
										</Entry>
									</Relationship>
								</Element>
							</Entry>
						</Relationship>
					</Element>
				</Entry>
			</Relationship>
			<Relationship Name="Schema">
				<Entry>
					<References ExternalSource="BuiltIns" Name="[dbo]" />
				</Entry>
			</Relationship>
			<AttachedAnnotation Disambiguator="6" />
		</Element>
		<Element Type="SqlProcedure" Name="[dbo].[SP_CRUD_ALBUMES]">
			<Property Name="BodyScript">
				<Value QuotedIdentifiers="True" AnsiNulls="True"><![CDATA[
BEGIN 
	
	SET NOCOUNT ON;

	IF (@id_crud = 1) --Consulta
	BEGIN
		SELECT * FROM Álbumes
	END

	IF (@id_crud = 5) --Consulta Titulo
	BEGIN
		SELECT id_album, titulo FROM Álbumes
	END

	IF (@id_crud = 2) --Insertar
	BEGIN
		insert into Álbumes(id_candidata, titulo)
		values(@id_candidata, @titulo)
	END

	IF (@id_crud = 3) --Modificar
	BEGIN
		 UPDATE Álbumes SET id_candidata= @id_candidata, titulo = @titulo WHERE id_album = @id_album; 		
	END

	IF (@id_crud = 4) --Eliminar
	BEGIN
		 DELETE FROM Álbumes WHERE id_album = @id_album; 		
	END

    -- Insert statements for procedure here

END]]></Value>
			</Property>
			<Property Name="IsAnsiNullsOn" Value="True" />
			<Relationship Name="BodyDependencies">
				<Entry>
					<References Name="[dbo].[SP_CRUD_ALBUMES].[@id_crud]" />
				</Entry>
				<Entry>
					<References Name="[dbo].[Álbumes]" />
				</Entry>
				<Entry>
					<References Name="[dbo].[Álbumes].[id_album]" />
				</Entry>
				<Entry>
					<References Name="[dbo].[Álbumes].[titulo]" />
				</Entry>
				<Entry>
					<References Name="[dbo].[Álbumes].[id_candidata]" />
				</Entry>
				<Entry>
					<References Name="[dbo].[SP_CRUD_ALBUMES].[@id_candidata]" />
				</Entry>
				<Entry>
					<References Name="[dbo].[SP_CRUD_ALBUMES].[@titulo]" />
				</Entry>
				<Entry>
					<References Name="[dbo].[SP_CRUD_ALBUMES].[@id_album]" />
				</Entry>
			</Relationship>
			<Relationship Name="Parameters">
				<Entry>
					<Element Type="SqlSubroutineParameter" Name="[dbo].[SP_CRUD_ALBUMES].[@id_crud]">
						<Relationship Name="Type">
							<Entry>
								<Element Type="SqlTypeSpecifier">
									<Relationship Name="Type">
										<Entry>
											<References ExternalSource="BuiltIns" Name="[int]" />
										</Entry>
									</Relationship>
								</Element>
							</Entry>
						</Relationship>
					</Element>
				</Entry>
				<Entry>
					<Element Type="SqlSubroutineParameter" Name="[dbo].[SP_CRUD_ALBUMES].[@id_album]">
						<Relationship Name="Type">
							<Entry>
								<Element Type="SqlTypeSpecifier">
									<Relationship Name="Type">
										<Entry>
											<References ExternalSource="BuiltIns" Name="[int]" />
										</Entry>
									</Relationship>
								</Element>
							</Entry>
						</Relationship>
					</Element>
				</Entry>
				<Entry>
					<Element Type="SqlSubroutineParameter" Name="[dbo].[SP_CRUD_ALBUMES].[@id_candidata]">
						<Relationship Name="Type">
							<Entry>
								<Element Type="SqlTypeSpecifier">
									<Relationship Name="Type">
										<Entry>
											<References ExternalSource="BuiltIns" Name="[int]" />
										</Entry>
									</Relationship>
								</Element>
							</Entry>
						</Relationship>
					</Element>
				</Entry>
				<Entry>
					<Element Type="SqlSubroutineParameter" Name="[dbo].[SP_CRUD_ALBUMES].[@titulo]">
						<Relationship Name="Type">
							<Entry>
								<Element Type="SqlTypeSpecifier">
									<Property Name="Length" Value="50" />
									<Relationship Name="Type">
										<Entry>
											<References ExternalSource="BuiltIns" Name="[varchar]" />
										</Entry>
									</Relationship>
								</Element>
							</Entry>
						</Relationship>
					</Element>
				</Entry>
			</Relationship>
			<Relationship Name="Schema">
				<Entry>
					<References ExternalSource="BuiltIns" Name="[dbo]" />
				</Entry>
			</Relationship>
			<Annotation Type="SysCommentsObjectAnnotation">
				<Property Name="CreateOffset" Value="194" />
				<Property Name="Length" Value="998" />
				<Property Name="StartLine" Value="1" />
				<Property Name="StartColumn" Value="1" />
				<Property Name="HeaderContents" Value="-- =============================================&#xD;&#xA;-- Author:&#x9;&#x9;&lt;Author,,Name&gt;&#xD;&#xA;-- Create date: &lt;Create Date,,&gt;&#xD;&#xA;-- Description:&#x9;&lt;Description,,&gt;&#xD;&#xA;-- =============================================&#xD;&#xA;CREATE PROCEDURE [dbo].[SP_CRUD_ALBUMES] &#xD;&#xA;&#x9;-- Add the parameters for the stored procedure here&#xD;&#xA;&#x9;@id_crud INT,&#xD;&#xA;&#x9;@id_album INT,&#xD;&#xA;&#x9;@id_candidata INT,&#x9;&#xD;&#xA;&#x9;@titulo varchar(50)&#xD;&#xA;&#x9;&#xD;&#xA;AS" />
			</Annotation>
		</Element>
		<Element Type="SqlProcedure" Name="[dbo].[SP_CRUD_CANDIDATA]">
			<Property Name="BodyScript">
				<Value QuotedIdentifiers="True" AnsiNulls="True"><![CDATA[
BEGIN 

	SET NOCOUNT ON;

	IF (@id_crud = 1) --Consulta
	BEGIN
		SELECT * FROM Candidatas
	END

	IF (@id_crud = 6) --Consulta
	BEGIN
		SELECT id_candidata, nombre, apellido FROM Candidatas
	END


	IF (@id_crud = 2) --Insertar
	BEGIN
		insert into Candidatas(id_carrera, id_semestre, cedula, nombre, 
		apellido, foto, fecha_nacimiento, edad, aspiraciones, intereses, habilidades)
		values(@id_carrera, @id_semestre, @cedula, @nombre, @apellido, 
		@foto, @fecha_nacimiento, @edad, @aspiraciones, @intereses, @habilidades)
	END

	IF (@id_crud = 3) --Modificar
	BEGIN
		 UPDATE Candidatas SET id_carrera = @id_carrera, id_semestre = @id_semestre, cedula = @cedula,
		 nombre = @nombre, apellido = @apellido, foto = @foto, fecha_nacimiento = @fecha_nacimiento,
		 edad = @edad, aspiraciones = @aspiraciones, intereses = @intereses, habilidades = @habilidades
		 WHERE id_candidata = @id_candidata; 		
	END

	IF (@id_crud = 4) --Eliminar
	BEGIN
		 DELETE FROM Candidatas WHERE id_candidata = @id_candidata; 		
	END

    -- Insert statements for procedure here
END]]></Value>
			</Property>
			<Property Name="IsAnsiNullsOn" Value="True" />
			<Relationship Name="BodyDependencies">
				<Entry>
					<References Name="[dbo].[SP_CRUD_CANDIDATA].[@id_crud]" />
				</Entry>
				<Entry>
					<References Name="[dbo].[Candidatas]" />
				</Entry>
				<Entry>
					<References Name="[dbo].[Candidatas].[id_candidata]" />
				</Entry>
				<Entry>
					<References Name="[dbo].[Candidatas].[nombre]" />
				</Entry>
				<Entry>
					<References Name="[dbo].[Candidatas].[apellido]" />
				</Entry>
				<Entry>
					<References Name="[dbo].[Candidatas].[id_carrera]" />
				</Entry>
				<Entry>
					<References Name="[dbo].[Candidatas].[id_semestre]" />
				</Entry>
				<Entry>
					<References Name="[dbo].[Candidatas].[cedula]" />
				</Entry>
				<Entry>
					<References Name="[dbo].[Candidatas].[foto]" />
				</Entry>
				<Entry>
					<References Name="[dbo].[Candidatas].[fecha_nacimiento]" />
				</Entry>
				<Entry>
					<References Name="[dbo].[Candidatas].[edad]" />
				</Entry>
				<Entry>
					<References Name="[dbo].[Candidatas].[aspiraciones]" />
				</Entry>
				<Entry>
					<References Name="[dbo].[Candidatas].[intereses]" />
				</Entry>
				<Entry>
					<References Name="[dbo].[Candidatas].[habilidades]" />
				</Entry>
				<Entry>
					<References Name="[dbo].[SP_CRUD_CANDIDATA].[@id_carrera]" />
				</Entry>
				<Entry>
					<References Name="[dbo].[SP_CRUD_CANDIDATA].[@id_semestre]" />
				</Entry>
				<Entry>
					<References Name="[dbo].[SP_CRUD_CANDIDATA].[@cedula]" />
				</Entry>
				<Entry>
					<References Name="[dbo].[SP_CRUD_CANDIDATA].[@nombre]" />
				</Entry>
				<Entry>
					<References Name="[dbo].[SP_CRUD_CANDIDATA].[@apellido]" />
				</Entry>
				<Entry>
					<References Name="[dbo].[SP_CRUD_CANDIDATA].[@foto]" />
				</Entry>
				<Entry>
					<References Name="[dbo].[SP_CRUD_CANDIDATA].[@fecha_nacimiento]" />
				</Entry>
				<Entry>
					<References Name="[dbo].[SP_CRUD_CANDIDATA].[@edad]" />
				</Entry>
				<Entry>
					<References Name="[dbo].[SP_CRUD_CANDIDATA].[@aspiraciones]" />
				</Entry>
				<Entry>
					<References Name="[dbo].[SP_CRUD_CANDIDATA].[@intereses]" />
				</Entry>
				<Entry>
					<References Name="[dbo].[SP_CRUD_CANDIDATA].[@habilidades]" />
				</Entry>
				<Entry>
					<References Name="[dbo].[SP_CRUD_CANDIDATA].[@id_candidata]" />
				</Entry>
			</Relationship>
			<Relationship Name="Parameters">
				<Entry>
					<Element Type="SqlSubroutineParameter" Name="[dbo].[SP_CRUD_CANDIDATA].[@id_crud]">
						<Relationship Name="Type">
							<Entry>
								<Element Type="SqlTypeSpecifier">
									<Relationship Name="Type">
										<Entry>
											<References ExternalSource="BuiltIns" Name="[int]" />
										</Entry>
									</Relationship>
								</Element>
							</Entry>
						</Relationship>
					</Element>
				</Entry>
				<Entry>
					<Element Type="SqlSubroutineParameter" Name="[dbo].[SP_CRUD_CANDIDATA].[@id_candidata]">
						<Property Name="DefaultExpressionScript">
							<Value QuotedIdentifiers="True" AnsiNulls="True"><![CDATA[0]]></Value>
						</Property>
						<Relationship Name="Type">
							<Entry>
								<Element Type="SqlTypeSpecifier">
									<Relationship Name="Type">
										<Entry>
											<References ExternalSource="BuiltIns" Name="[int]" />
										</Entry>
									</Relationship>
								</Element>
							</Entry>
						</Relationship>
					</Element>
				</Entry>
				<Entry>
					<Element Type="SqlSubroutineParameter" Name="[dbo].[SP_CRUD_CANDIDATA].[@id_carrera]">
						<Property Name="DefaultExpressionScript">
							<Value QuotedIdentifiers="True" AnsiNulls="True"><![CDATA[0]]></Value>
						</Property>
						<Relationship Name="Type">
							<Entry>
								<Element Type="SqlTypeSpecifier">
									<Relationship Name="Type">
										<Entry>
											<References ExternalSource="BuiltIns" Name="[int]" />
										</Entry>
									</Relationship>
								</Element>
							</Entry>
						</Relationship>
					</Element>
				</Entry>
				<Entry>
					<Element Type="SqlSubroutineParameter" Name="[dbo].[SP_CRUD_CANDIDATA].[@id_semestre]">
						<Property Name="DefaultExpressionScript">
							<Value QuotedIdentifiers="True" AnsiNulls="True"><![CDATA[0]]></Value>
						</Property>
						<Relationship Name="Type">
							<Entry>
								<Element Type="SqlTypeSpecifier">
									<Relationship Name="Type">
										<Entry>
											<References ExternalSource="BuiltIns" Name="[int]" />
										</Entry>
									</Relationship>
								</Element>
							</Entry>
						</Relationship>
					</Element>
				</Entry>
				<Entry>
					<Element Type="SqlSubroutineParameter" Name="[dbo].[SP_CRUD_CANDIDATA].[@cedula]">
						<Property Name="DefaultExpressionScript">
							<Value QuotedIdentifiers="True" AnsiNulls="True"><![CDATA['']]></Value>
						</Property>
						<Relationship Name="Type">
							<Entry>
								<Element Type="SqlTypeSpecifier">
									<Property Name="Length" Value="10" />
									<Relationship Name="Type">
										<Entry>
											<References ExternalSource="BuiltIns" Name="[varchar]" />
										</Entry>
									</Relationship>
								</Element>
							</Entry>
						</Relationship>
					</Element>
				</Entry>
				<Entry>
					<Element Type="SqlSubroutineParameter" Name="[dbo].[SP_CRUD_CANDIDATA].[@nombre]">
						<Property Name="DefaultExpressionScript">
							<Value QuotedIdentifiers="True" AnsiNulls="True"><![CDATA['']]></Value>
						</Property>
						<Relationship Name="Type">
							<Entry>
								<Element Type="SqlTypeSpecifier">
									<Property Name="Length" Value="50" />
									<Relationship Name="Type">
										<Entry>
											<References ExternalSource="BuiltIns" Name="[varchar]" />
										</Entry>
									</Relationship>
								</Element>
							</Entry>
						</Relationship>
					</Element>
				</Entry>
				<Entry>
					<Element Type="SqlSubroutineParameter" Name="[dbo].[SP_CRUD_CANDIDATA].[@apellido]">
						<Property Name="DefaultExpressionScript">
							<Value QuotedIdentifiers="True" AnsiNulls="True"><![CDATA['']]></Value>
						</Property>
						<Relationship Name="Type">
							<Entry>
								<Element Type="SqlTypeSpecifier">
									<Property Name="Length" Value="50" />
									<Relationship Name="Type">
										<Entry>
											<References ExternalSource="BuiltIns" Name="[varchar]" />
										</Entry>
									</Relationship>
								</Element>
							</Entry>
						</Relationship>
					</Element>
				</Entry>
				<Entry>
					<Element Type="SqlSubroutineParameter" Name="[dbo].[SP_CRUD_CANDIDATA].[@foto]">
						<Property Name="DefaultExpressionScript">
							<Value QuotedIdentifiers="True" AnsiNulls="True"><![CDATA['']]></Value>
						</Property>
						<Relationship Name="Type">
							<Entry>
								<Element Type="SqlTypeSpecifier">
									<Property Name="IsMax" Value="True" />
									<Relationship Name="Type">
										<Entry>
											<References ExternalSource="BuiltIns" Name="[varchar]" />
										</Entry>
									</Relationship>
								</Element>
							</Entry>
						</Relationship>
					</Element>
				</Entry>
				<Entry>
					<Element Type="SqlSubroutineParameter" Name="[dbo].[SP_CRUD_CANDIDATA].[@fecha_nacimiento]">
						<Property Name="DefaultExpressionScript">
							<Value QuotedIdentifiers="True" AnsiNulls="True"><![CDATA['1900-01-01']]></Value>
						</Property>
						<Relationship Name="Type">
							<Entry>
								<Element Type="SqlTypeSpecifier">
									<Relationship Name="Type">
										<Entry>
											<References ExternalSource="BuiltIns" Name="[date]" />
										</Entry>
									</Relationship>
								</Element>
							</Entry>
						</Relationship>
					</Element>
				</Entry>
				<Entry>
					<Element Type="SqlSubroutineParameter" Name="[dbo].[SP_CRUD_CANDIDATA].[@edad]">
						<Property Name="DefaultExpressionScript">
							<Value QuotedIdentifiers="True" AnsiNulls="True"><![CDATA[0]]></Value>
						</Property>
						<Relationship Name="Type">
							<Entry>
								<Element Type="SqlTypeSpecifier">
									<Relationship Name="Type">
										<Entry>
											<References ExternalSource="BuiltIns" Name="[int]" />
										</Entry>
									</Relationship>
								</Element>
							</Entry>
						</Relationship>
					</Element>
				</Entry>
				<Entry>
					<Element Type="SqlSubroutineParameter" Name="[dbo].[SP_CRUD_CANDIDATA].[@aspiraciones]">
						<Property Name="DefaultExpressionScript">
							<Value QuotedIdentifiers="True" AnsiNulls="True"><![CDATA['']]></Value>
						</Property>
						<Relationship Name="Type">
							<Entry>
								<Element Type="SqlTypeSpecifier">
									<Property Name="Length" Value="255" />
									<Relationship Name="Type">
										<Entry>
											<References ExternalSource="BuiltIns" Name="[varchar]" />
										</Entry>
									</Relationship>
								</Element>
							</Entry>
						</Relationship>
					</Element>
				</Entry>
				<Entry>
					<Element Type="SqlSubroutineParameter" Name="[dbo].[SP_CRUD_CANDIDATA].[@intereses]">
						<Property Name="DefaultExpressionScript">
							<Value QuotedIdentifiers="True" AnsiNulls="True"><![CDATA['']]></Value>
						</Property>
						<Relationship Name="Type">
							<Entry>
								<Element Type="SqlTypeSpecifier">
									<Property Name="Length" Value="255" />
									<Relationship Name="Type">
										<Entry>
											<References ExternalSource="BuiltIns" Name="[varchar]" />
										</Entry>
									</Relationship>
								</Element>
							</Entry>
						</Relationship>
					</Element>
				</Entry>
				<Entry>
					<Element Type="SqlSubroutineParameter" Name="[dbo].[SP_CRUD_CANDIDATA].[@habilidades]">
						<Property Name="DefaultExpressionScript">
							<Value QuotedIdentifiers="True" AnsiNulls="True"><![CDATA['']]></Value>
						</Property>
						<Relationship Name="Type">
							<Entry>
								<Element Type="SqlTypeSpecifier">
									<Property Name="Length" Value="255" />
									<Relationship Name="Type">
										<Entry>
											<References ExternalSource="BuiltIns" Name="[varchar]" />
										</Entry>
									</Relationship>
								</Element>
							</Entry>
						</Relationship>
					</Element>
				</Entry>
			</Relationship>
			<Relationship Name="Schema">
				<Entry>
					<References ExternalSource="BuiltIns" Name="[dbo]" />
				</Entry>
			</Relationship>
			<Annotation Type="SysCommentsObjectAnnotation">
				<Property Name="CreateOffset" Value="194" />
				<Property Name="Length" Value="1769" />
				<Property Name="StartLine" Value="1" />
				<Property Name="StartColumn" Value="1" />
				<Property Name="HeaderContents" Value="-- =============================================&#xD;&#xA;-- Author:&#x9;&#x9;&lt;Author,,Name&gt;&#xD;&#xA;-- Create date: &lt;Create Date,,&gt;&#xD;&#xA;-- Description:&#x9;&lt;Description,,&gt;&#xD;&#xA;-- =============================================&#xD;&#xA;CREATE PROCEDURE [dbo].[SP_CRUD_CANDIDATA] &#xD;&#xA;&#x9;-- Add the parameters for the stored procedure here&#xD;&#xA;&#x9;@id_crud INT,&#xD;&#xA;&#x9;@id_candidata INT&#x9;&#x9;= 0,&#xD;&#xA;&#x9;@id_carrera INT&#x9;&#x9;&#x9;= 0,&#xD;&#xA;&#x9;@id_semestre INT&#x9;&#x9;= 0,&#xD;&#xA;&#x9;@cedula VARCHAR (10)&#x9;= '',&#xD;&#xA;&#x9;@nombre VARCHAR (50)&#x9;= '',&#xD;&#xA;&#x9;@apellido VARCHAR (50)&#x9;= '',&#xD;&#xA;&#x9;@foto VARCHAR (max)&#x9;&#x9;= '',&#xD;&#xA;&#x9;@fecha_nacimiento DATE&#x9;= '1900-01-01',&#xD;&#xA;&#x9;@edad INT&#x9;&#x9;&#x9;&#x9;= 0,&#xD;&#xA;&#x9;@aspiraciones VARCHAR (255) = '',&#xD;&#xA;&#x9;@intereses VARCHAR (255) = '',&#xD;&#xA;&#x9;@habilidades VARCHAR (255)= ''&#xD;&#xA;&#x9;&#xD;&#xA;AS" />
			</Annotation>
		</Element>
		<Element Type="SqlProcedure" Name="[dbo].[SP_CRUD_CARRERA]">
			<Property Name="BodyScript">
				<Value QuotedIdentifiers="True" AnsiNulls="True"><![CDATA[
BEGIN 
	
	SET NOCOUNT ON;

	IF (@id_crud = 1) --Consulta
	BEGIN
		SELECT * FROM Carreras
	END

	IF (@id_crud = 2) --Insertar
	BEGIN
		insert into Carreras(nombre_carrera)
		values(@nombre_carrera)
	END

	IF (@id_crud = 3) --Modificar
	BEGIN
		 UPDATE Carreras SET nombre_carrera= @nombre_carrera WHERE id_carrera = @id_carrera; 		
	END

	IF (@id_crud = 4) --Eliminar
	BEGIN
		 DELETE FROM Carreras WHERE id_carrera = @id_carrera; 		
	END

    -- Insert statements for procedure here

END]]></Value>
			</Property>
			<Property Name="IsAnsiNullsOn" Value="True" />
			<Relationship Name="BodyDependencies">
				<Entry>
					<References Name="[dbo].[SP_CRUD_CARRERA].[@id_crud]" />
				</Entry>
				<Entry>
					<References Name="[dbo].[Carreras]" />
				</Entry>
				<Entry>
					<References Name="[dbo].[Carreras].[nombre_carrera]" />
				</Entry>
				<Entry>
					<References Name="[dbo].[SP_CRUD_CARRERA].[@nombre_carrera]" />
				</Entry>
				<Entry>
					<References Name="[dbo].[Carreras].[id_carrera]" />
				</Entry>
				<Entry>
					<References Name="[dbo].[SP_CRUD_CARRERA].[@id_carrera]" />
				</Entry>
			</Relationship>
			<Relationship Name="Parameters">
				<Entry>
					<Element Type="SqlSubroutineParameter" Name="[dbo].[SP_CRUD_CARRERA].[@id_crud]">
						<Relationship Name="Type">
							<Entry>
								<Element Type="SqlTypeSpecifier">
									<Relationship Name="Type">
										<Entry>
											<References ExternalSource="BuiltIns" Name="[int]" />
										</Entry>
									</Relationship>
								</Element>
							</Entry>
						</Relationship>
					</Element>
				</Entry>
				<Entry>
					<Element Type="SqlSubroutineParameter" Name="[dbo].[SP_CRUD_CARRERA].[@id_carrera]">
						<Relationship Name="Type">
							<Entry>
								<Element Type="SqlTypeSpecifier">
									<Relationship Name="Type">
										<Entry>
											<References ExternalSource="BuiltIns" Name="[int]" />
										</Entry>
									</Relationship>
								</Element>
							</Entry>
						</Relationship>
					</Element>
				</Entry>
				<Entry>
					<Element Type="SqlSubroutineParameter" Name="[dbo].[SP_CRUD_CARRERA].[@nombre_carrera]">
						<Relationship Name="Type">
							<Entry>
								<Element Type="SqlTypeSpecifier">
									<Property Name="Length" Value="50" />
									<Relationship Name="Type">
										<Entry>
											<References ExternalSource="BuiltIns" Name="[varchar]" />
										</Entry>
									</Relationship>
								</Element>
							</Entry>
						</Relationship>
					</Element>
				</Entry>
			</Relationship>
			<Relationship Name="Schema">
				<Entry>
					<References ExternalSource="BuiltIns" Name="[dbo]" />
				</Entry>
			</Relationship>
			<Annotation Type="SysCommentsObjectAnnotation">
				<Property Name="CreateOffset" Value="2" />
				<Property Name="Length" Value="685" />
				<Property Name="StartLine" Value="1" />
				<Property Name="StartColumn" Value="1" />
				<Property Name="HeaderContents" Value="&#xD;&#xA;CREATE PROCEDURE [dbo].[SP_CRUD_CARRERA] &#xD;&#xA;&#x9;-- Add the parameters for the stored procedure here&#xD;&#xA;&#x9;@id_crud INT,&#xD;&#xA;&#x9;@id_carrera INT,&#xD;&#xA;&#x9;@nombre_carrera varchar(50)&#xD;&#xA;&#x9;&#xD;&#xA;AS" />
			</Annotation>
		</Element>
		<Element Type="SqlProcedure" Name="[dbo].[SP_CRUD_FOTO]">
			<Property Name="BodyScript">
				<Value QuotedIdentifiers="True" AnsiNulls="True"><![CDATA[
BEGIN 
	
	SET NOCOUNT ON;

	IF (@id_crud = 1) --Consulta
	BEGIN
		SELECT * FROM Fotos
	END

	IF (@id_crud = 2) --Insertar
	BEGIN
		insert into Fotos(id_album, foto_Album, titulo_foto, descripcion)
		values(@id_album, @foto_Album, @titulo_foto, @descripcion)
	END

	IF (@id_crud = 3) --Modificar
	BEGIN
		 UPDATE Fotos SET id_album = @id_album, foto_Album = @foto_Album, titulo_foto = @titulo_foto, descripcion = @descripcion WHERE id_foto = @id_foto; 		
	END

	IF (@id_crud = 4) --Eliminar
	BEGIN
		 DELETE FROM Fotos WHERE id_foto = @id_foto; 		
	END

    -- Insert statements for procedure here

END]]></Value>
			</Property>
			<Property Name="IsAnsiNullsOn" Value="True" />
			<Relationship Name="BodyDependencies">
				<Entry>
					<References Name="[dbo].[SP_CRUD_FOTO].[@id_crud]" />
				</Entry>
				<Entry>
					<References Name="[dbo].[Fotos]" />
				</Entry>
				<Entry>
					<References Name="[dbo].[Fotos].[id_album]" />
				</Entry>
				<Entry>
					<References Name="[dbo].[Fotos].[foto_Album]" />
				</Entry>
				<Entry>
					<References Name="[dbo].[Fotos].[titulo_foto]" />
				</Entry>
				<Entry>
					<References Name="[dbo].[Fotos].[descripcion]" />
				</Entry>
				<Entry>
					<References Name="[dbo].[SP_CRUD_FOTO].[@id_album]" />
				</Entry>
				<Entry>
					<References Name="[dbo].[SP_CRUD_FOTO].[@foto_Album]" />
				</Entry>
				<Entry>
					<References Name="[dbo].[SP_CRUD_FOTO].[@titulo_foto]" />
				</Entry>
				<Entry>
					<References Name="[dbo].[SP_CRUD_FOTO].[@descripcion]" />
				</Entry>
				<Entry>
					<References Name="[dbo].[Fotos].[id_foto]" />
				</Entry>
				<Entry>
					<References Name="[dbo].[SP_CRUD_FOTO].[@id_foto]" />
				</Entry>
			</Relationship>
			<Relationship Name="Parameters">
				<Entry>
					<Element Type="SqlSubroutineParameter" Name="[dbo].[SP_CRUD_FOTO].[@id_crud]">
						<Relationship Name="Type">
							<Entry>
								<Element Type="SqlTypeSpecifier">
									<Relationship Name="Type">
										<Entry>
											<References ExternalSource="BuiltIns" Name="[int]" />
										</Entry>
									</Relationship>
								</Element>
							</Entry>
						</Relationship>
					</Element>
				</Entry>
				<Entry>
					<Element Type="SqlSubroutineParameter" Name="[dbo].[SP_CRUD_FOTO].[@id_foto]">
						<Relationship Name="Type">
							<Entry>
								<Element Type="SqlTypeSpecifier">
									<Relationship Name="Type">
										<Entry>
											<References ExternalSource="BuiltIns" Name="[int]" />
										</Entry>
									</Relationship>
								</Element>
							</Entry>
						</Relationship>
					</Element>
				</Entry>
				<Entry>
					<Element Type="SqlSubroutineParameter" Name="[dbo].[SP_CRUD_FOTO].[@foto_Album]">
						<Relationship Name="Type">
							<Entry>
								<Element Type="SqlTypeSpecifier">
									<Property Name="IsMax" Value="True" />
									<Relationship Name="Type">
										<Entry>
											<References ExternalSource="BuiltIns" Name="[varchar]" />
										</Entry>
									</Relationship>
								</Element>
							</Entry>
						</Relationship>
					</Element>
				</Entry>
				<Entry>
					<Element Type="SqlSubroutineParameter" Name="[dbo].[SP_CRUD_FOTO].[@id_album]">
						<Relationship Name="Type">
							<Entry>
								<Element Type="SqlTypeSpecifier">
									<Relationship Name="Type">
										<Entry>
											<References ExternalSource="BuiltIns" Name="[int]" />
										</Entry>
									</Relationship>
								</Element>
							</Entry>
						</Relationship>
					</Element>
				</Entry>
				<Entry>
					<Element Type="SqlSubroutineParameter" Name="[dbo].[SP_CRUD_FOTO].[@titulo_foto]">
						<Relationship Name="Type">
							<Entry>
								<Element Type="SqlTypeSpecifier">
									<Property Name="Length" Value="50" />
									<Relationship Name="Type">
										<Entry>
											<References ExternalSource="BuiltIns" Name="[varchar]" />
										</Entry>
									</Relationship>
								</Element>
							</Entry>
						</Relationship>
					</Element>
				</Entry>
				<Entry>
					<Element Type="SqlSubroutineParameter" Name="[dbo].[SP_CRUD_FOTO].[@descripcion]">
						<Relationship Name="Type">
							<Entry>
								<Element Type="SqlTypeSpecifier">
									<Property Name="Length" Value="255" />
									<Relationship Name="Type">
										<Entry>
											<References ExternalSource="BuiltIns" Name="[varchar]" />
										</Entry>
									</Relationship>
								</Element>
							</Entry>
						</Relationship>
					</Element>
				</Entry>
			</Relationship>
			<Relationship Name="Schema">
				<Entry>
					<References ExternalSource="BuiltIns" Name="[dbo]" />
				</Entry>
			</Relationship>
			<Annotation Type="SysCommentsObjectAnnotation">
				<Property Name="Length" Value="863" />
				<Property Name="StartLine" Value="1" />
				<Property Name="StartColumn" Value="1" />
				<Property Name="HeaderContents" Value="CREATE PROCEDURE [dbo].[SP_CRUD_FOTO] &#xD;&#xA;&#x9;-- Add the parameters for the stored procedure here&#xD;&#xA;&#x9;@id_crud INT,&#xD;&#xA;&#x9;@id_foto INT,&#xD;&#xA;&#x9;@foto_Album VARCHAR(MAX),&#xD;&#xA;&#x9;@id_album INT,&#xD;&#xA;&#x9;@titulo_foto VARCHAR (50),&#xD;&#xA;&#x9;@descripcion varchar(255)&#xD;&#xA;&#x9;&#xD;&#xA;AS" />
			</Annotation>
		</Element>
		<Element Type="SqlProcedure" Name="[dbo].[SP_CRUD_SEMESTRE]">
			<Property Name="BodyScript">
				<Value QuotedIdentifiers="True" AnsiNulls="True"><![CDATA[
BEGIN 
	
	SET NOCOUNT ON;

	IF (@id_crud = 1) --Consulta
	BEGIN
		SELECT * FROM Semestres
	END

	IF (@id_crud = 2) --Insertar
	BEGIN
		insert into Semestres(numero_semestre)
		values(@numero_semestre)
	END

	IF (@id_crud = 3) --Modificar
	BEGIN
		 UPDATE Semestres SET numero_semestre= @numero_semestre WHERE id_semestre = @id_semestre; 		
	END

	IF (@id_crud = 4) --Eliminar
	BEGIN
		 DELETE FROM Semestres WHERE id_semestre = @id_semestre; 		
	END

    -- Insert statements for procedure here

END]]></Value>
			</Property>
			<Property Name="IsAnsiNullsOn" Value="True" />
			<Relationship Name="BodyDependencies">
				<Entry>
					<References Name="[dbo].[SP_CRUD_SEMESTRE].[@id_crud]" />
				</Entry>
				<Entry>
					<References Name="[dbo].[Semestres]" />
				</Entry>
				<Entry>
					<References Name="[dbo].[Semestres].[numero_semestre]" />
				</Entry>
				<Entry>
					<References Name="[dbo].[SP_CRUD_SEMESTRE].[@numero_semestre]" />
				</Entry>
				<Entry>
					<References Name="[dbo].[Semestres].[id_semestre]" />
				</Entry>
				<Entry>
					<References Name="[dbo].[SP_CRUD_SEMESTRE].[@id_semestre]" />
				</Entry>
			</Relationship>
			<Relationship Name="Parameters">
				<Entry>
					<Element Type="SqlSubroutineParameter" Name="[dbo].[SP_CRUD_SEMESTRE].[@id_crud]">
						<Relationship Name="Type">
							<Entry>
								<Element Type="SqlTypeSpecifier">
									<Relationship Name="Type">
										<Entry>
											<References ExternalSource="BuiltIns" Name="[int]" />
										</Entry>
									</Relationship>
								</Element>
							</Entry>
						</Relationship>
					</Element>
				</Entry>
				<Entry>
					<Element Type="SqlSubroutineParameter" Name="[dbo].[SP_CRUD_SEMESTRE].[@id_semestre]">
						<Relationship Name="Type">
							<Entry>
								<Element Type="SqlTypeSpecifier">
									<Relationship Name="Type">
										<Entry>
											<References ExternalSource="BuiltIns" Name="[int]" />
										</Entry>
									</Relationship>
								</Element>
							</Entry>
						</Relationship>
					</Element>
				</Entry>
				<Entry>
					<Element Type="SqlSubroutineParameter" Name="[dbo].[SP_CRUD_SEMESTRE].[@numero_semestre]">
						<Relationship Name="Type">
							<Entry>
								<Element Type="SqlTypeSpecifier">
									<Property Name="Length" Value="50" />
									<Relationship Name="Type">
										<Entry>
											<References ExternalSource="BuiltIns" Name="[varchar]" />
										</Entry>
									</Relationship>
								</Element>
							</Entry>
						</Relationship>
					</Element>
				</Entry>
			</Relationship>
			<Relationship Name="Schema">
				<Entry>
					<References ExternalSource="BuiltIns" Name="[dbo]" />
				</Entry>
			</Relationship>
			<Annotation Type="SysCommentsObjectAnnotation">
				<Property Name="CreateOffset" Value="194" />
				<Property Name="Length" Value="892" />
				<Property Name="StartLine" Value="1" />
				<Property Name="StartColumn" Value="1" />
				<Property Name="HeaderContents" Value="-- =============================================&#xD;&#xA;-- Author:&#x9;&#x9;&lt;Author,,Name&gt;&#xD;&#xA;-- Create date: &lt;Create Date,,&gt;&#xD;&#xA;-- Description:&#x9;&lt;Description,,&gt;&#xD;&#xA;-- =============================================&#xD;&#xA;CREATE PROCEDURE [dbo].[SP_CRUD_SEMESTRE] &#xD;&#xA;&#x9;-- Add the parameters for the stored procedure here&#xD;&#xA;&#x9;@id_crud INT,&#xD;&#xA;&#x9;@id_semestre INT,&#xD;&#xA;&#x9;@numero_semestre varchar(50)&#xD;&#xA;&#x9;&#xD;&#xA;AS" />
			</Annotation>
		</Element>
		<Element Type="SqlProcedure" Name="[dbo].[SP_CRUD_VOTO]">
			<Property Name="BodyScript">
				<Value QuotedIdentifiers="True" AnsiNulls="True"><![CDATA[
BEGIN 
	
	SET NOCOUNT ON;

	IF (@id_crud = 1) --Consulta
	BEGIN
		SELECT * FROM Votos
	END

	IF (@id_crud = 2) --Insertar
	BEGIN
		insert into Votos (id_estudiante, id_candidata, tipo_voto)
		values(@id_estudiante, @id_candidata, @tipo_voto)
	END

	IF (@id_crud = 3) --Modificar
	BEGIN
		 UPDATE Votos SET id_estudiante = @id_estudiante, id_candidata = @id_candidata, tipo_voto = @tipo_voto WHERE id_voto = @id_voto; 		
	END

	IF (@id_crud = 4) --Eliminar
	BEGIN
		 DELETE FROM Votos WHERE id_voto = @id_voto; 		
	END

    -- Insert statements for procedure here

END]]></Value>
			</Property>
			<Property Name="IsAnsiNullsOn" Value="True" />
			<Relationship Name="BodyDependencies">
				<Entry>
					<References Name="[dbo].[SP_CRUD_VOTO].[@id_crud]" />
				</Entry>
				<Entry>
					<References Name="[dbo].[Votos]" />
				</Entry>
				<Entry>
					<References Name="[dbo].[Votos].[id_estudiante]" />
				</Entry>
				<Entry>
					<References Name="[dbo].[Votos].[id_candidata]" />
				</Entry>
				<Entry>
					<References Name="[dbo].[Votos].[tipo_voto]" />
				</Entry>
				<Entry>
					<References Name="[dbo].[SP_CRUD_VOTO].[@id_estudiante]" />
				</Entry>
				<Entry>
					<References Name="[dbo].[SP_CRUD_VOTO].[@id_candidata]" />
				</Entry>
				<Entry>
					<References Name="[dbo].[SP_CRUD_VOTO].[@tipo_voto]" />
				</Entry>
				<Entry>
					<References Name="[dbo].[Votos].[id_voto]" />
				</Entry>
				<Entry>
					<References Name="[dbo].[SP_CRUD_VOTO].[@id_voto]" />
				</Entry>
			</Relationship>
			<Relationship Name="Parameters">
				<Entry>
					<Element Type="SqlSubroutineParameter" Name="[dbo].[SP_CRUD_VOTO].[@id_crud]">
						<Relationship Name="Type">
							<Entry>
								<Element Type="SqlTypeSpecifier">
									<Relationship Name="Type">
										<Entry>
											<References ExternalSource="BuiltIns" Name="[int]" />
										</Entry>
									</Relationship>
								</Element>
							</Entry>
						</Relationship>
					</Element>
				</Entry>
				<Entry>
					<Element Type="SqlSubroutineParameter" Name="[dbo].[SP_CRUD_VOTO].[@id_voto]">
						<Relationship Name="Type">
							<Entry>
								<Element Type="SqlTypeSpecifier">
									<Relationship Name="Type">
										<Entry>
											<References ExternalSource="BuiltIns" Name="[int]" />
										</Entry>
									</Relationship>
								</Element>
							</Entry>
						</Relationship>
					</Element>
				</Entry>
				<Entry>
					<Element Type="SqlSubroutineParameter" Name="[dbo].[SP_CRUD_VOTO].[@id_estudiante]">
						<Relationship Name="Type">
							<Entry>
								<Element Type="SqlTypeSpecifier">
									<Relationship Name="Type">
										<Entry>
											<References ExternalSource="BuiltIns" Name="[int]" />
										</Entry>
									</Relationship>
								</Element>
							</Entry>
						</Relationship>
					</Element>
				</Entry>
				<Entry>
					<Element Type="SqlSubroutineParameter" Name="[dbo].[SP_CRUD_VOTO].[@id_candidata]">
						<Relationship Name="Type">
							<Entry>
								<Element Type="SqlTypeSpecifier">
									<Relationship Name="Type">
										<Entry>
											<References ExternalSource="BuiltIns" Name="[int]" />
										</Entry>
									</Relationship>
								</Element>
							</Entry>
						</Relationship>
					</Element>
				</Entry>
				<Entry>
					<Element Type="SqlSubroutineParameter" Name="[dbo].[SP_CRUD_VOTO].[@tipo_voto]">
						<Relationship Name="Type">
							<Entry>
								<Element Type="SqlTypeSpecifier">
									<Property Name="Length" Value="50" />
									<Relationship Name="Type">
										<Entry>
											<References ExternalSource="BuiltIns" Name="[varchar]" />
										</Entry>
									</Relationship>
								</Element>
							</Entry>
						</Relationship>
					</Element>
				</Entry>
			</Relationship>
			<Relationship Name="Schema">
				<Entry>
					<References ExternalSource="BuiltIns" Name="[dbo]" />
				</Entry>
			</Relationship>
			<Annotation Type="SysCommentsObjectAnnotation">
				<Property Name="CreateOffset" Value="194" />
				<Property Name="Length" Value="990" />
				<Property Name="StartLine" Value="1" />
				<Property Name="StartColumn" Value="1" />
				<Property Name="HeaderContents" Value="-- =============================================&#xD;&#xA;-- Author:&#x9;&#x9;&lt;Author,,Name&gt;&#xD;&#xA;-- Create date: &lt;Create Date,,&gt;&#xD;&#xA;-- Description:&#x9;&lt;Description,,&gt;&#xD;&#xA;-- =============================================&#xD;&#xA;CREATE PROCEDURE [dbo].[SP_CRUD_VOTO] &#xD;&#xA;&#x9;-- Add the parameters for the stored procedure here&#xD;&#xA;&#x9;@id_crud INT,&#xD;&#xA;&#x9;@id_voto INT,&#xD;&#xA;&#x9;@id_estudiante INT,&#xD;&#xA;&#x9;@id_candidata INT,&#xD;&#xA;&#x9;@tipo_voto VARCHAR (50)&#xD;&#xA;&#x9;&#xD;&#xA;AS" />
			</Annotation>
		</Element>
		<Element Type="SqlTable" Name="[dbo].[Votos]">
			<Property Name="IsAnsiNullsOn" Value="True" />
			<Relationship Name="Columns">
				<Entry>
					<Element Type="SqlSimpleColumn" Name="[dbo].[Votos].[id_voto]">
						<Property Name="IsNullable" Value="False" />
						<Property Name="IsIdentity" Value="True" />
						<Relationship Name="TypeSpecifier">
							<Entry>
								<Element Type="SqlTypeSpecifier">
									<Relationship Name="Type">
										<Entry>
											<References ExternalSource="BuiltIns" Name="[int]" />
										</Entry>
									</Relationship>
								</Element>
							</Entry>
						</Relationship>
						<Annotation Type="OnlinePropertyAnnotation" Name="[LastValue]">
							<Property Name="Value" Value="0" />
						</Annotation>
					</Element>
				</Entry>
				<Entry>
					<Element Type="SqlSimpleColumn" Name="[dbo].[Votos].[id_estudiante]">
						<Property Name="IsNullable" Value="False" />
						<Relationship Name="TypeSpecifier">
							<Entry>
								<Element Type="SqlTypeSpecifier">
									<Relationship Name="Type">
										<Entry>
											<References ExternalSource="BuiltIns" Name="[int]" />
										</Entry>
									</Relationship>
								</Element>
							</Entry>
						</Relationship>
					</Element>
				</Entry>
				<Entry>
					<Element Type="SqlSimpleColumn" Name="[dbo].[Votos].[id_candidata]">
						<Property Name="IsNullable" Value="False" />
						<Relationship Name="TypeSpecifier">
							<Entry>
								<Element Type="SqlTypeSpecifier">
									<Relationship Name="Type">
										<Entry>
											<References ExternalSource="BuiltIns" Name="[int]" />
										</Entry>
									</Relationship>
								</Element>
							</Entry>
						</Relationship>
					</Element>
				</Entry>
				<Entry>
					<Element Type="SqlSimpleColumn" Name="[dbo].[Votos].[tipo_voto]">
						<Property Name="IsNullable" Value="False" />
						<Relationship Name="TypeSpecifier">
							<Entry>
								<Element Type="SqlTypeSpecifier">
									<Property Name="Length" Value="50" />
									<Relationship Name="Type">
										<Entry>
											<References ExternalSource="BuiltIns" Name="[varchar]" />
										</Entry>
									</Relationship>
								</Element>
							</Entry>
						</Relationship>
					</Element>
				</Entry>
			</Relationship>
			<Relationship Name="Schema">
				<Entry>
					<References ExternalSource="BuiltIns" Name="[dbo]" />
				</Entry>
			</Relationship>
			<AttachedAnnotation Disambiguator="8" />
		</Element>
		<Element Type="SqlPermissionStatement" Name="[Grant.ViewAnyColumnEncryptionKeyDefinition.Database].[public].[dbo]">
			<Property Name="Permission" Value="1108" />
			<Relationship Name="Grantee">
				<Entry>
					<References ExternalSource="BuiltIns" Name="[public]" />
				</Entry>
			</Relationship>
			<Relationship Name="SecuredObject">
				<Entry>
					<References Disambiguator="1" />
				</Entry>
			</Relationship>
		</Element>
		<Element Type="SqlPermissionStatement" Name="[Grant.ViewAnyColumnMasterKeyDefinition.Database].[public].[dbo]">
			<Property Name="Permission" Value="1107" />
			<Relationship Name="Grantee">
				<Entry>
					<References ExternalSource="BuiltIns" Name="[public]" />
				</Entry>
			</Relationship>
			<Relationship Name="SecuredObject">
				<Entry>
					<References Disambiguator="1" />
				</Entry>
			</Relationship>
		</Element>
	</Model>
</DataSchemaModel>